<?xml version="1.0" encoding="UTF-8"?>
<project-private xmlns="http://www.netbeans.org/ns/project-private/1">
    <editor-bookmarks xmlns="http://www.netbeans.org/ns/editor-bookmarks/2" lastBookmarkId="0"/>
    <open-files xmlns="http://www.netbeans.org/ns/projectui-open-files/2">
        <group>
            <file>file:/C:/Users/0081177/Documents/NetBeansProjects/Bd/src/br/com/loja/telas/telaLogin.java</file>
            <file>file:/C:/Users/0081177/Documents/NetBeansProjects/Bd/src/br/com/loja/icones/desconectado.png</file>
            <file>file:/C:/Users/0081177/Documents/NetBeansProjects/Bd/src/br/com/loja/dal/moduloConexao.java</file>
        </group>
    </open-files>
</project-private>
